ID,lastName,firstName,email,phone,department,position,team
1,Rosario,Susana,srosar9@netmail.org,773-788-1033,3,16,140
2,Cunningham,Mitchell,mcunni11@netmail.org,773-702-8540,9,12,157
3,Marshall,Eddy,emarsh1@netmail.org,773-934-8371,10,1,45
4,Hunter,Barton,bhunte1@netmail.org,312-879-9428,5,12,131
5,Buckley,Carl,cbuckl4@netmail.org,773-835-7760,10,17,145
6,Allen,Alejandro,aallen4@netmail.org,773-820-1289,8,3,105
7,Summers,Bette,bsumme11@netmail.org,773-839-4457,8,2,10
8,Stokes,Victoria,vstoke2@netmail.org,312-879-8530,8,11,69
9,Howe,Agnes,ahowe2@netmail.org,773-825-3008,5,2,46
10,Floyd,Huey,hfloyd10@netmail.org,312-789-4587,6,3,152
11,Stevenson,Susan,ssteve8@netmail.org,630-685-7329,11,12,6
12,Hicks,Lynda,lhicks6@netmail.org,312-895-3552,8,11,52
13,Santana,Leona,lsanta6@netmail.org,630-572-1361,11,3,88
14,Campos,Erma,ecampo2@netmail.org,312-660-1993,9,1,28
15,Matthews,Henrietta,hmatth9@netmail.org,773-618-2443,11,3,143
16,Caldwell,Debra,dcaldw6@netmail.org,630-643-8930,11,11,161
17,Downs,Ingrid,idowns12@netmail.org,773-943-2880,8,12,47
18,Walker,Morgan,mwalke3@netmail.org,312-813-9727,3,1,122
19,Cook,Augusta,acook7@netmail.org,773-953-9153,3,18,142
20,Ware,Dane,dware8@netmail.org,312-660-1437,11,13,19
21,Austin,Milton,mausti3@netmail.org,773-744-3006,5,11,162
22,Singh,Josh,jsingh1@netmail.org,773-722-1171,10,11,115
23,Ballard,Jerrod,jballa12@netmail.org,312-848-9035,3,18,124
24,Ross,Dylan,dross9@netmail.org,630-651-2813,11,1,92
25,Rios,Ann,arios7@netmail.org,312-824-4501,11,13,81
26,Kirk,Lyle,lkirk6@netmail.org,773-645-2680,7,1,30
27,Swanson,Guy,gswans1@netmail.org,773-920-5682,9,11,158
28,Cardenas,Candice,ccarde12@netmail.org,312-703-2224,5,2,102
29,Hebert,Laurence,lheber4@netmail.org,630-712-7496,6,1,114
30,Cross,Catalina,ccross6@netmail.org,773-943-8711,1,1,17
31,Salazar,Katie,ksalaz4@netmail.org,312-935-7228,8,14,156
32,Arias,Sherwood,sarias9@netmail.org,630-939-7295,4,3,1
33,Rosales,Oscar,orosal3@netmail.org,312-805-2968,6,1,116
34,Jenkins,Elton,ejenki11@netmail.org,312-846-6778,7,13,139
35,Frazier,Lynnette,lfrazi9@netmail.org,773-849-6562,2,14,114
36,Bishop,Antoinette,abisho5@netmail.org,312-808-3315,4,14,131
37,Odonnell,Twila,todonn7@netmail.org,312-634-5694,8,13,116
38,Choi,Chuck,cchoi9@netmail.org,630-599-7534,9,2,33
39,Weeks,Wm,wweeks4@netmail.org,630-578-8953,4,7,163
40,Burton,Morton,mburto4@netmail.org,630-897-1035,10,5,148
41,Todd,Debora,dtodd10@netmail.org,773-846-7350,3,1,46
42,Sampson,Moshe,msamps4@netmail.org,630-845-8169,11,11,48
43,Waters,Terrie,twater9@netmail.org,312-885-4416,3,10,139
44,Pratt,Althea,apratt2@netmail.org,773-797-9222,2,13,136
45,Newton,Pete,pnewto9@netmail.org,312-642-3179,2,1,125
46,Beasley,Rosemary,rbeasl10@netmail.org,312-955-6292,6,6,141
47,Mullins,Jody,jmulli10@netmail.org,312-737-4967,10,1,126
48,Dalton,Javier,jdalto4@netmail.org,312-953-8813,10,7,119
49,Sherman,Lamont,lsherm11@netmail.org,312-573-9848,8,1,96
50,Haynes,Jana,jhayne7@netmail.org,773-841-8276,1,13,36
51,Bonilla,Drew,dbonil12@netmail.org,312-917-3162,9,2,98
52,Freeman,Darrell,dfreem2@netmail.org,773-786-3932,7,14,21
53,Adkins,Isabel,iadkin6@netmail.org,773-736-6109,11,2,62
54,Benjamin,Brian,bbenja12@netmail.org,773-575-3394,10,14,84
55,McCann,Frank,fmccan1@netmail.org,312-722-5281,3,2,50
56,Warner,Noreen,nwarne1@netmail.org,312-645-3841,10,13,48
57,Davidson,Vance,vdavid5@netmail.org,773-838-8247,1,10,161
58,Villanueva,William,wvilla10@netmail.org,312-917-7115,4,2,154
59,Walls,Willard,wwalls6@netmail.org,630-691-2440,8,5,19
60,Bautista,Tristan,tbauti7@netmail.org,630-923-2500,1,3,106
61,Cooke,Mariano,mcooke10@netmail.org,773-568-7015,5,1,104
62,Rivera,Ashlee,ariver7@netmail.org,312-722-7293,11,13,132
63,Morgan,Donn,dmorga9@netmail.org,312-802-2636,3,1,63
64,Hays,Viola,vhays10@netmail.org,312-748-8206,1,14,7
65,Tate,Jarrett,jtate7@netmail.org,312-918-8421,11,3,149
66,Small,Leo,lsmall4@netmail.org,773-634-2886,9,3,75
67,McFarland,Emilia,emcfar3@netmail.org,773-651-7451,3,14,30
68,Blackwell,Heather,hblack8@netmail.org,773-739-5581,1,18,79
69,Foley,Arden,afoley9@netmail.org,630-617-7120,9,2,52
70,Gibson,Claude,cgibso12@netmail.org,630-792-7428,10,13,19
71,Lucero,Erick,elucer3@netmail.org,312-764-7586,8,13,32
72,Mendoza,Justin,jmendo8@netmail.org,312-580-7809,10,12,92
73,Dyer,Jayne,jdyer4@netmail.org,312-680-9240,1,13,4
74,Mendez,Loyd,lmende3@netmail.org,312-790-4738,10,1,94
75,Reid,Marquita,mreid7@netmail.org,773-582-3910,2,12,17
76,Hurley,Dusty,dhurle1@netmail.org,773-660-8387,6,14,86
77,Marsh,April,amarsh5@netmail.org,773-821-9286,3,6,113
78,Rush,Glenn,grush9@netmail.org,312-774-1555,9,10,17
79,Robles,Elmer,eroble7@netmail.org,773-577-4094,4,11,28
80,Villegas,Val,vville5@netmail.org,773-766-7871,7,12,52
81,Cox,Mona,mcox6@netmail.org,312-637-3318,11,1,163
82,Marquez,Angel,amarqu3@netmail.org,312-871-7603,9,16,148
83,Bruce,Samantha,sbruce7@netmail.org,773-734-8310,11,11,89
84,Fields,Albert,afield7@netmail.org,312-589-8608,11,3,53
85,Collins,Jacklyn,jcolli7@netmail.org,312-860-2007,2,1,99
86,Fitzpatrick,Cassandra,cfitzp12@netmail.org,773-607-8344,6,12,19
87,Pacheco,Darryl,dpache2@netmail.org,312-905-2318,7,12,96
88,Lam,Linwood,llam10@netmail.org,773-891-6632,11,1,150
89,Benson,Von,vbenso11@netmail.org,773-621-7224,10,5,31
90,Roach,Merlin,mroach3@netmail.org,773-584-1546,1,9,72
91,Armstrong,Alfonzo,aarmst4@netmail.org,312-579-6832,11,14,43
92,Estrada,Julia,jestra10@netmail.org,773-764-5366,3,2,35
93,Alexander,Orlando,oalexa1@netmail.org,312-778-2423,7,6,48
94,Erickson,Camille,cerick10@netmail.org,312-788-4169,6,12,34
95,Stephens,Fredric,fsteph12@netmail.org,630-581-4175,11,12,63
96,Ramsey,Sherry,sramse6@netmail.org,773-776-6135,9,14,16
97,Michael,Darrel,dmicha10@netmail.org,773-570-8444,11,1,87
98,Rivas,Patricia,privas1@netmail.org,630-599-8264,8,2,148
99,McCullough,Judith,jmccul12@netmail.org,630-732-7512,4,11,89
100,Leblanc,Ronald,rlebla12@netmail.org,630-633-2927,4,12,60
101,Jacobs,Stefanie,sjacob7@netmail.org,312-752-5677,4,1,78
102,Farmer,Brooke,bfarme1@netmail.org,773-747-9918,8,13,10
103,Melton,Hipolito,hmelto7@netmail.org,630-940-3832,11,3,28
104,Bender,Judy,jbende3@netmail.org,630-575-4061,3,13,128
105,Kelly,Roxanne,rkelly2@netmail.org,312-720-5565,9,3,160
106,Walsh,Marcos,mwalsh7@netmail.org,312-689-2870,8,12,2
107,Valenzuela,Jeromy,jvalen8@netmail.org,312-577-2412,9,4,104
108,Church,Miriam,mchurc4@netmail.org,312-948-8664,4,10,13
109,Barrett,Felicia,fbarre2@netmail.org,773-829-1112,10,2,152
110,Phillips,Elbert,ephill10@netmail.org,773-883-6756,9,8,3
111,Sutton,Natalie,nsutto5@netmail.org,312-575-2717,3,13,40
112,Ryan,Nicholas,nryan1@netmail.org,312-834-6643,4,6,144
113,Hansen,Evelyn,ehanse11@netmail.org,312-812-6509,3,14,42
114,Bolton,Bennett,bbolto11@netmail.org,773-861-5681,9,12,42
115,Hanna,Lenny,lhanna6@netmail.org,773-896-6218,3,13,83
116,Anthony,Martina,mantho10@netmail.org,312-830-9190,10,2,84
117,Best,Maude,mbest2@netmail.org,312-925-2009,3,13,38
118,Ford,Ana,aford11@netmail.org,312-737-7107,2,1,64
119,Coleman,Tanya,tcolem1@netmail.org,312-809-5762,3,1,34
120,Alvarado,Isaias,ialvar3@netmail.org,773-818-8151,1,3,9
121,Jackson,Mae,mjacks7@netmail.org,773-643-9678,9,1,71
122,Bean,Romeo,rbean2@netmail.org,312-689-2240,11,1,150
123,Paul,Major,mpaul8@netmail.org,773-713-1811,3,2,132
124,Hogan,Evan,ehogan9@netmail.org,312-638-8012,6,17,67
125,Davenport,Lenard,ldaven7@netmail.org,312-964-3663,7,14,20
126,Montoya,Shelby,smonto8@netmail.org,312-949-9491,4,12,100
127,Huang,Gerard,ghuang4@netmail.org,312-906-2604,4,6,91
128,Cooley,Kris,kcoole6@netmail.org,312-778-3854,10,1,136
129,Dennis,Marc,mdenni3@netmail.org,773-725-4387,7,11,157
130,Byrd,Tessa,tbyrd2@netmail.org,312-906-2229,2,13,93
131,Campbell,Tina,tcampb5@netmail.org,312-595-2423,10,3,94
132,Rocha,Sonny,srocha12@netmail.org,630-601-4485,5,11,130
133,Miranda,Noemi,nmiran5@netmail.org,630-765-4596,10,2,23
134,Saunders,Gustavo,gsaund6@netmail.org,312-835-9541,10,11,85
135,Stout,Earl,estout7@netmail.org,630-821-5456,9,3,10
136,Kerr,Elma,ekerr12@netmail.org,312-706-3723,11,11,45
137,Glenn,Sam,sglenn6@netmail.org,773-734-4860,3,11,118
138,Houston,Harrison,hhoust1@netmail.org,773-833-2455,2,12,76
139,Hendricks,Josue,jhendr9@netmail.org,312-570-2789,7,2,21
140,Page,Francesca,fpage9@netmail.org,312-784-2616,9,6,162
141,Joyce,Juana,jjoyce3@netmail.org,773-566-8655,11,17,64
142,Travis,Anibal,atravi12@netmail.org,630-676-1175,4,1,66
143,Arnold,Irene,iarnol10@netmail.org,630-884-1596,5,18,81
144,Golden,Jill,jgolde1@netmail.org,773-809-3963,8,1,135
145,Tapia,Karyn,ktapia1@netmail.org,312-578-5011,4,1,93
146,Barton,Ophelia,obarto1@netmail.org,312-885-4200,3,1,41
147,Payne,Doug,dpayne3@netmail.org,773-595-9963,3,3,125
148,Bullock,Krista,kbullo8@netmail.org,312-807-6941,11,3,37
149,Gardner,Marietta,mgardn1@netmail.org,312-758-2327,4,1,49
150,Burgess,Joshua,jburge7@netmail.org,630-662-2197,4,3,111
151,Pennington,Lyman,lpenni1@netmail.org,630-937-8193,11,3,108
152,Hood,Louella,lhood12@netmail.org,312-648-5092,3,1,26
153,Liu,Malik,mliu1@netmail.org,312-737-3121,1,2,110
154,Mays,Enid,emays8@netmail.org,773-711-7859,4,2,18
155,Terrell,Joyce,jterre2@netmail.org,312-723-2327,1,3,78
156,Walters,Faye,fwalte3@netmail.org,312-904-8418,4,14,147
157,Rivers,Trina,triver4@netmail.org,312-670-9212,4,2,52
158,Drake,Angeline,adrake9@netmail.org,773-772-9194,5,14,33
159,Hurst,Everette,ehurst4@netmail.org,312-729-3050,1,7,124
160,Martinez,Kara,kmarti8@netmail.org,773-903-5728,4,12,110
161,Powell,Veronica,vpowel6@netmail.org,312-870-3861,10,7,163
162,Walton,Owen,owalto3@netmail.org,630-890-4987,5,2,112
163,Kemp,Lottie,lkemp5@netmail.org,312-726-5757,9,1,155
164,Hodge,Wally,whodge8@netmail.org,312-875-2142,9,13,81
165,Greer,Penelope,pgreer7@netmail.org,312-601-7230,1,12,27
166,Harrison,Cassie,charri11@netmail.org,630-903-2734,8,1,16
167,Hooper,Grover,ghoope9@netmail.org,773-717-6425,8,11,63
168,Costa,Lucas,lcosta6@netmail.org,312-824-9136,1,12,13
169,Hale,Madeline,mhale3@netmail.org,312-630-2711,11,3,106
170,Butler,Sherrie,sbutle9@netmail.org,773-909-2970,3,12,65
171,Odom,Barry,bodom8@netmail.org,312-740-2679,2,12,130
172,Holland,Quincy,qholla1@netmail.org,773-717-1944,11,14,4
173,Love,Jane,jlove6@netmail.org,312-959-4047,10,14,13
174,Blackburn,Leah,lblack4@netmail.org,773-644-2498,3,3,83
175,McCall,Mamie,mmccal10@netmail.org,630-942-2123,7,9,73
176,Villa,Jannie,jvilla8@netmail.org,630-662-1064,10,12,47
177,Ray,Waylon,wray12@netmail.org,630-654-6403,6,11,9
178,Harmon,Jerrold,jharmo10@netmail.org,312-624-4431,7,11,111
179,Moran,Erin,emoran10@netmail.org,773-934-5890,9,4,72
180,Owens,Maynard,mowens12@netmail.org,773-964-2204,7,3,88
181,Flynn,Tammi,tflynn6@netmail.org,312-897-1538,2,12,162
182,Gamble,Marva,mgambl2@netmail.org,630-575-2433,7,12,32
183,Lutz,Cherry,clutz2@netmail.org,773-778-1905,1,1,44
184,Perkins,Anton,aperki9@netmail.org,773-579-3509,8,1,110
185,Horton,Donny,dhorto6@netmail.org,773-608-7550,7,13,107
186,Powers,Emil,epower3@netmail.org,312-608-4036,11,3,52
187,Lowery,Giuseppe,glower3@netmail.org,312-758-6835,8,16,111
188,Cantu,Len,lcantu4@netmail.org,773-752-1830,3,12,13
189,Dean,Jarred,jdean7@netmail.org,773-949-6344,9,3,48
190,Keller,Frankie,fkelle3@netmail.org,773-878-3585,3,14,28
191,Chandler,Lynn,lchand7@netmail.org,773-911-2277,6,4,33
192,Munoz,Alma,amunoz3@netmail.org,773-646-7471,9,3,42
193,Berry,Beatrice,bberry6@netmail.org,773-620-4493,6,12,155
194,Francis,Lane,lfranc7@netmail.org,312-645-9109,8,1,92
195,Crosby,Chasity,ccrosb7@netmail.org,773-794-7851,8,2,12
196,Murray,Scot,smurra9@netmail.org,312-708-3506,11,1,148
197,Medina,Paulette,pmedin9@netmail.org,312-892-1943,11,12,77
198,Whitney,Kerry,kwhitn3@netmail.org,773-603-2710,4,13,99
199,Schmidt,Lessie,lschmi6@netmail.org,773-936-5327,4,5,134
200,Krueger,Bettie,bkrueg2@netmail.org,312-828-1829,9,14,88
201,Blanchard,Michale,mblanc11@netmail.org,630-784-9737,3,11,74
202,Allison,Alfreda,aallis5@netmail.org,312-842-5801,10,13,154
203,Casey,Ashley,acasey1@netmail.org,312-678-9016,11,13,81
204,Serrano,Israel,iserra8@netmail.org,773-604-4973,10,2,32
205,Henry,Ellen,ehenry5@netmail.org,630-697-8377,3,1,6
206,Malone,Arthur,amalon3@netmail.org,630-608-6364,4,12,113
207,Thomas,Scottie,sthoma4@netmail.org,312-863-1364,9,3,114
208,Shepard,Ahmad,ashepa1@netmail.org,773-861-1184,4,12,116
209,Cohen,Nolan,ncohen2@netmail.org,630-954-5907,10,1,34
210,Turner,Erica,eturne9@netmail.org,773-921-9333,3,1,121
211,Morton,Saundra,smorto5@netmail.org,312-686-3687,7,6,72
212,Fischer,Amalia,afisch10@netmail.org,312-621-4200,6,12,155
213,Acosta,Dorothy,dacost2@netmail.org,312-855-9284,9,1,68
214,Key,Vincenzo,vkey2@netmail.org,773-820-1592,10,3,71
215,Khan,Jamal,jkhan12@netmail.org,312-837-6076,11,12,67
216,Carpenter,Jodi,jcarpe12@netmail.org,773-934-5206,11,14,128
217,Maddox,Nicolas,nmaddo1@netmail.org,773-817-4350,9,13,146
218,Lucas,Regina,rlucas6@netmail.org,773-782-1082,11,7,82
219,Henderson,Amber,ahende9@netmail.org,773-845-6076,8,13,125
220,Boyer,Rochelle,rboyer6@netmail.org,312-883-3624,5,14,103
221,Barker,Charlene,cbarke6@netmail.org,312-932-8767,3,1,143
222,Schultz,Tracey,tschul11@netmail.org,312-886-6347,3,6,96
223,Morrow,Andrea,amorro4@netmail.org,773-758-1677,7,12,85
224,Kennedy,Maritza,mkenne12@netmail.org,312-631-6778,4,1,89
225,Espinoza,Logan,lespin5@netmail.org,630-662-3203,10,12,78
226,Patterson,Alvin,apatte8@netmail.org,312-940-9968,11,13,62
227,Nguyen,Nina,nnguye12@netmail.org,773-576-5122,4,1,18
228,Brooks,Jaclyn,jbrook9@netmail.org,312-836-4518,3,1,51
229,Ashley,Angelica,aashle1@netmail.org,773-637-1614,11,1,9
230,Jensen,Ricky,rjense7@netmail.org,312-831-6830,7,12,49
231,Mooney,Zachery,zmoone9@netmail.org,312-874-7899,11,9,8
232,Melendez,Selena,smelen12@netmail.org,312-935-2586,3,13,150
233,Norton,Sophie,snorto2@netmail.org,630-698-1654,9,4,132
234,Shepherd,Aubrey,asheph12@netmail.org,773-878-5449,8,11,20
235,Friedman,Enrique,efried10@netmail.org,312-579-4097,10,2,134
236,Duncan,Roberta,rdunca11@netmail.org,312-941-4907,1,1,48
237,Bauer,Jewell,jbauer1@netmail.org,312-794-3136,2,12,93
238,Osborn,Gilda,gosbor6@netmail.org,773-821-7944,2,13,118
239,Russo,Jessica,jrusso12@netmail.org,312-597-5156,6,1,109
240,Landry,Clint,clandr12@netmail.org,312-656-4967,5,2,69
241,Barajas,Marcelino,mbaraj10@netmail.org,312-684-3163,7,5,104
242,Noble,Ella,enoble6@netmail.org,773-750-4977,6,13,35
243,Oconnor,Millicent,moconn10@netmail.org,312-654-7093,5,18,132
244,Dodson,Terence,tdodso1@netmail.org,773-578-4386,3,3,29
245,Fry,Jude,jfry9@netmail.org,773-834-4371,2,12,145
246,Weaver,Reginald,rweave5@netmail.org,773-608-5658,5,1,138
247,Brandt,Calvin,cbrand5@netmail.org,630-914-2548,7,13,92
248,McDowell,Bradford,bmcdow8@netmail.org,312-710-4642,11,12,137
249,Atkinson,Abe,aatkin9@netmail.org,312-777-3302,3,3,43
250,Williamson,Mari,mwilli1@netmail.org,312-800-6972,3,11,50
251,Chase,Gretchen,gchase12@netmail.org,773-704-4282,11,11,81
252,Duke,Donnell,dduke11@netmail.org,312-691-6577,5,1,145
253,Luna,Herminia,hluna2@netmail.org,312-627-6150,10,5,31
254,Clarke,Isidro,iclark7@netmail.org,312-611-3838,5,12,39
255,Padilla,Rachelle,rpadil8@netmail.org,630-764-2590,2,6,128
256,McClure,Rodrigo,rmcclu9@netmail.org,312-859-3643,3,1,28
257,Cordova,Amanda,acordo10@netmail.org,630-774-5461,2,8,70
258,Johns,Sydney,sjohns3@netmail.org,312-793-4086,2,1,157
259,Calhoun,Raymundo,rcalho2@netmail.org,312-863-3883,10,14,29
260,Nicholson,Jeffery,jnicho3@netmail.org,312-709-7648,8,1,126
261,Dawson,Jaime,jdawso7@netmail.org,773-912-4469,3,1,134
262,Sanford,Reggie,rsanfo7@netmail.org,312-602-8496,5,10,121
263,Molina,Carlene,cmolin12@netmail.org,630-675-5254,11,2,143
264,Zuniga,Pasquale,pzunig1@netmail.org,773-894-1000,3,16,129
265,Long,Monte,mlong1@netmail.org,312-726-9345,9,5,136
266,Norman,Alicia,anorma11@netmail.org,312-673-5750,11,14,156
267,Wong,Rob,rwong2@netmail.org,630-727-9137,7,2,130
268,Christian,Chong,cchris7@netmail.org,630-795-2047,6,14,64
269,Harrington,Eugene,eharri7@netmail.org,312-589-2790,11,16,132
270,Sexton,Corina,csexto6@netmail.org,773-596-3013,11,2,126
271,Garner,Marina,mgarne4@netmail.org,312-886-2773,2,2,39
272,Gates,Pauline,pgates2@netmail.org,312-577-5336,3,1,154
273,Washington,Tommy,twashi8@netmail.org,312-789-6595,1,12,119
274,Stevens,Deanne,dsteve6@netmail.org,312-948-4844,5,6,22
275,Camacho,Sebastian,scamac4@netmail.org,773-832-6356,4,3,75
276,Duarte,Jeanine,jduart10@netmail.org,773-931-5790,1,1,133
277,Good,Tomas,tgood7@netmail.org,773-846-9186,11,13,119
278,Strickland,Ross,rstric1@netmail.org,312-640-8096,4,14,155
279,Pham,Lorena,lpham10@netmail.org,312-716-6248,11,14,12
280,Avery,Amie,aavery5@netmail.org,773-870-3114,4,12,32
281,Gordon,Marshall,mgordo12@netmail.org,773-837-7980,11,11,47
282,Cowan,Colton,ccowan3@netmail.org,312-648-2255,6,11,21
283,Hoover,Tamera,thoove12@netmail.org,773-790-9364,11,12,156
284,Thornton,Jerome,jthorn5@netmail.org,312-684-2250,1,3,154
285,Snow,Hallie,hsnow11@netmail.org,312-713-7044,11,14,5
286,Daugherty,Damon,ddaugh6@netmail.org,312-944-3755,3,1,34
287,Compton,Royal,rcompt5@netmail.org,630-742-6496,8,1,6
288,David,Greg,gdavid2@netmail.org,773-908-7946,8,1,98
289,Navarro,Maryanne,mnavar4@netmail.org,773-843-8947,10,6,29
290,Gaines,Kellie,kgaine1@netmail.org,630-746-4823,11,2,90
291,Harding,Joe,jhardi2@netmail.org,312-786-8102,2,3,113
292,Maldonado,Cherie,cmaldo9@netmail.org,773-862-3119,6,15,37
293,Spence,Markus,mspenc8@netmail.org,312-701-9623,4,12,108
294,Pace,Mickey,mpace7@netmail.org,630-917-9067,3,2,147
295,Salas,Lynne,lsalas8@netmail.org,773-859-6326,3,15,159
296,Bass,Dexter,dbass4@netmail.org,773-602-7119,2,4,37
297,Harvey,Norma,nharve6@netmail.org,773-894-4374,3,9,96
298,Vargas,Deena,dvarga10@netmail.org,312-777-1343,4,5,114
299,Irwin,Sherri,sirwin4@netmail.org,312-906-7405,1,11,2
300,Whitaker,Patrick,pwhita6@netmail.org,312-627-9915,8,9,80
301,Pena,Lucille,lpena5@netmail.org,312-807-3293,6,13,148
302,Forbes,Hayden,hforbe8@netmail.org,312-664-7309,3,17,106
303,Castaneda,Esmeralda,ecasta12@netmail.org,773-748-8943,3,15,22
304,Howard,Johanna,jhowar10@netmail.org,773-897-8544,6,1,19
305,Colon,Danial,dcolon4@netmail.org,312-654-7956,1,3,67
306,Blake,Robbie,rblake1@netmail.org,773-912-4687,7,3,69
307,Cochran,Silvia,scochr1@netmail.org,773-739-6960,5,1,79
308,Obrien,Joseph,jobrie12@netmail.org,773-688-8071,11,8,34
309,Berger,Elsa,eberge11@netmail.org,312-871-2590,3,11,103
310,Grant,Noble,ngrant12@netmail.org,773-732-2888,6,17,68
311,Baird,Helena,hbaird6@netmail.org,312-956-1971,4,2,122
312,Terry,Marylou,mterry2@netmail.org,312-638-6661,1,2,159
313,Lambert,Joel,jlambe11@netmail.org,630-741-6447,11,15,149
314,Baldwin,Leila,lbaldw3@netmail.org,773-838-8000,1,13,141
315,Rojas,Brice,brojas3@netmail.org,630-598-1372,11,17,92
316,Blevins,Roseann,rblevi12@netmail.org,773-841-4621,4,2,73
317,Sellers,Elena,eselle4@netmail.org,630-760-4514,9,12,20
318,Roth,Sterling,sroth9@netmail.org,312-571-1923,4,1,44
319,Tran,Della,dtran5@netmail.org,312-879-3098,5,2,148
320,Rangel,Alberta,arange5@netmail.org,312-763-9804,10,12,62
321,Shea,Ebony,eshea11@netmail.org,312-711-9795,8,11,31
322,Hoffman,Carmelo,choffm6@netmail.org,773-609-4083,3,12,49
323,Parks,Tami,tparks1@netmail.org,773-729-3099,3,18,40
324,McConnell,Thurman,tmccon3@netmail.org,773-905-1142,7,1,100
325,Miller,Beau,bmille10@netmail.org,773-576-3267,1,12,153
326,Lee,Rhoda,rlee10@netmail.org,312-568-9986,1,1,97
327,Romero,Son,sromer12@netmail.org,773-613-7656,10,12,81
328,English,Margaret,mengli10@netmail.org,773-751-4145,3,1,21
329,Clayton,Loretta,lclayt8@netmail.org,773-849-4571,4,1,4
330,Carroll,Tasha,tcarro9@netmail.org,312-614-9270,6,1,107
331,Johnston,Tuan,tjohns9@netmail.org,630-833-2135,10,3,31
332,Cobb,Sharon,scobb4@netmail.org,312-764-4441,7,1,111
333,Snyder,Rebecca,rsnyde8@netmail.org,312-747-6853,10,2,74
334,Welch,Kendrick,kwelch4@netmail.org,773-861-5033,9,7,33
335,Klein,Allie,aklein9@netmail.org,773-597-5030,4,12,24
336,Sawyer,Tanner,tsawye10@netmail.org,312-942-2492,8,1,41
337,Valdez,Hai,hvalde4@netmail.org,630-742-9069,8,18,141
338,McKinney,Maureen,mmckin9@netmail.org,773-735-4287,3,2,33
339,Jordan,Melissa,mjorda6@netmail.org,630-960-3556,11,3,25
340,Shannon,Zackary,zshann8@netmail.org,773-924-6639,2,1,147
341,Stewart,Isiah,istewa8@netmail.org,773-669-8044,11,1,40
342,Lyons,Willy,wlyons9@netmail.org,312-584-2262,6,1,152
343,Shah,Sue,sshah3@netmail.org,312-644-6881,4,1,109
344,Adams,Shayne,sadams3@netmail.org,312-655-7373,10,1,148
345,Dillon,Hester,hdillo9@netmail.org,312-618-1396,8,16,163
346,McCarty,Nellie,nmccar12@netmail.org,312-739-7937,3,8,129
347,Bradshaw,Kathryn,kbrads5@netmail.org,630-679-4374,8,2,91
348,Rodgers,Shari,srodge8@netmail.org,773-588-2760,4,11,130
349,Yoder,Rosario,ryoder8@netmail.org,773-844-9798,10,9,80
350,Doyle,Georgia,gdoyle5@netmail.org,312-635-2091,2,12,156
351,Chen,Nita,nchen12@netmail.org,773-953-4029,3,4,41
352,Garcia,Franklyn,fgarci10@netmail.org,773-741-5460,9,6,122
353,Levy,Audra,alevy2@netmail.org,773-768-4562,11,1,25
354,Bailey,Mattie,mbaile3@netmail.org,773-724-2538,2,12,73
355,Roberson,Ignacio,irober3@netmail.org,773-846-6344,8,13,77
356,Rice,Danny,drice3@netmail.org,312-755-4697,7,6,29
357,Price,Grady,gprice9@netmail.org,773-594-3442,10,1,63
358,Simpson,Hope,hsimps6@netmail.org,312-770-1774,3,13,37
359,Mayo,Armand,amayo11@netmail.org,312-859-4092,9,4,130
360,Wise,Joaquin,jwise10@netmail.org,630-714-8204,2,3,40
361,Diaz,Eugenio,ediaz9@netmail.org,312-895-3851,8,6,162
362,Walter,Marguerite,mwalte3@netmail.org,312-770-8331,9,11,142
363,Wolf,Adam,awolf10@netmail.org,312-912-7945,4,14,151
364,Meyer,Trenton,tmeyer7@netmail.org,312-606-7602,8,3,124
365,Schmitt,Fritz,fschmi4@netmail.org,312-951-2313,5,13,46
366,Haley,Olga,ohaley4@netmail.org,312-935-3839,4,3,28
367,Daniel,Yolanda,ydanie5@netmail.org,312-902-3465,6,1,63
368,Aguilar,Arlen,aaguil1@netmail.org,773-762-3515,3,4,86
369,Barrera,Lila,lbarre5@netmail.org,312-762-2580,5,18,122
370,Hampton,Wesley,whampt7@netmail.org,773-955-5758,5,15,121
371,Kim,Bradley,bkim4@netmail.org,773-652-5855,9,11,122
372,Petty,Steven,spetty2@netmail.org,773-945-1504,11,2,75
373,Reilly,Kenny,kreill9@netmail.org,773-806-3461,3,2,91
374,Ochoa,Valentin,vochoa3@netmail.org,312-744-3964,3,16,35
375,Guerra,Christine,cguerr5@netmail.org,773-698-7468,6,5,101
376,Cantrell,Doris,dcantr7@netmail.org,773-965-3164,11,15,63
377,Conner,Terra,tconne1@netmail.org,773-902-8617,11,11,162
378,Baxter,Fay,fbaxte9@netmail.org,312-589-2578,3,3,37
379,Ruiz,Kristina,kruiz3@netmail.org,312-645-3984,11,12,79
380,Jefferson,Valerie,vjeffe3@netmail.org,773-675-2001,11,12,54
381,Macias,Kermit,kmacia2@netmail.org,630-912-7620,8,11,126
382,Murillo,Cecilia,cmuril12@netmail.org,312-658-2561,1,11,106
383,Cuevas,Ian,icueva3@netmail.org,312-930-4676,3,6,148
384,Harrell,Wendell,wharre10@netmail.org,773-948-3525,8,8,142
385,Valencia,Christina,cvalen8@netmail.org,630-615-6151,11,1,72
386,Lowe,Wyatt,wlowe10@netmail.org,312-606-9997,9,1,15
387,Richmond,Wilbur,wrichm5@netmail.org,630-626-7526,11,2,142
388,Patton,Simon,spatto6@netmail.org,312-899-1685,5,1,128
389,Nelson,Henry,hnelso3@netmail.org,312-670-5536,1,11,140
390,Rich,Irvin,irich8@netmail.org,630-909-1802,6,11,66
391,Davies,Hubert,hdavie6@netmail.org,773-714-4099,4,11,21
392,Hayes,Duane,dhayes11@netmail.org,312-748-3797,4,5,63
393,Foster,Blake,bfoste9@netmail.org,312-788-9610,10,15,127
394,Briggs,Rudy,rbrigg3@netmail.org,312-932-4757,9,1,79
395,Huff,Janine,jhuff12@netmail.org,312-720-1387,11,13,125
396,Steele,Eduardo,esteel5@netmail.org,312-721-4854,2,12,119
397,Lang,Jeannie,jlang7@netmail.org,773-931-3012,11,12,104
398,Graves,Salvatore,sgrave4@netmail.org,630-706-4885,7,6,140
399,Preston,Raymond,rprest10@netmail.org,312-870-8173,3,11,24
400,Webster,Hershel,hwebst10@netmail.org,312-926-3008,1,13,82
401,Rose,Roslyn,rrose2@netmail.org,773-669-3227,4,2,48
402,Avila,Annette,aavila9@netmail.org,773-594-8480,9,3,57
403,Herman,Junior,jherma2@netmail.org,312-942-1384,9,4,136
404,Poole,Christian,cpoole12@netmail.org,773-794-7943,2,13,146
405,Sullivan,Antione,asulli11@netmail.org,312-594-7175,10,11,62
406,Hubbard,Marlene,mhubba1@netmail.org,312-791-1419,8,3,31
407,Rasmussen,Kimberley,krasmu10@netmail.org,312-671-1918,4,1,115
408,Olson,Millie,molson6@netmail.org,312-726-5985,9,8,133
409,Woodward,Don,dwoodw6@netmail.org,312-832-4558,11,12,138
410,Glover,Cody,cglove3@netmail.org,312-835-6722,11,12,59
411,Potts,Barrett,bpotts3@netmail.org,312-574-8961,8,15,77
412,Krause,Francisco,fkraus12@netmail.org,773-638-4011,1,3,6
413,Knight,Petra,pknigh8@netmail.org,773-763-5168,11,11,102
414,Buchanan,Charlie,cbucha7@netmail.org,773-707-2222,6,1,93
415,Hamilton,Kendall,khamil11@netmail.org,312-915-1537,6,18,91
416,French,Barbra,bfrenc8@netmail.org,312-719-5753,3,12,59
417,Baker,Ramon,rbaker11@netmail.org,630-900-6657,8,14,91
418,McBride,Adan,amcbri10@netmail.org,630-937-8072,4,1,44
419,Wiggins,Rocky,rwiggi1@netmail.org,773-937-4654,3,3,71
420,Schroeder,Ervin,eschro9@netmail.org,773-950-2833,10,1,89
421,Santiago,Fabian,fsanti6@netmail.org,773-894-1918,8,11,7
422,Huerta,Lindsay,lhuert9@netmail.org,773-655-5714,5,3,77
423,Meadows,Derick,dmeado12@netmail.org,312-785-6533,8,6,78
424,Dorsey,Tracy,tdorse11@netmail.org,312-619-7866,2,14,48
425,Wilkinson,Darla,dwilki5@netmail.org,312-653-6225,8,4,110
426,Hernandez,Bruno,bherna4@netmail.org,773-594-8791,11,6,154
427,Carlson,Jami,jcarls10@netmail.org,773-578-1818,3,11,142
428,Griffin,Shane,sgriff8@netmail.org,312-818-9949,4,3,73
429,Blair,Monica,mblair12@netmail.org,312-739-7527,3,1,2
430,Clements,Elisabeth,ecleme11@netmail.org,773-944-8592,1,6,83
431,Bentley,Gloria,gbentl9@netmail.org,773-862-3260,11,4,82
432,Evans,Dale,devans4@netmail.org,312-705-4679,7,1,102
433,Bennett,Jamey,jbenne10@netmail.org,312-762-9822,4,6,81
434,Kirby,Bonnie,bkirby6@netmail.org,630-900-4770,10,11,80
435,Carter,Eloise,ecarte5@netmail.org,630-750-4778,1,11,126
436,Mullen,Marcelo,mmulle1@netmail.org,312-686-7156,9,10,133
437,Mata,Dwayne,dmata9@netmail.org,773-607-5991,9,8,105
438,Lester,Theodore,tleste4@netmail.org,312-821-8192,2,3,158
439,Dougherty,Jere,jdough10@netmail.org,773-919-9724,2,1,46
440,Mayer,Tad,tmayer1@netmail.org,312-650-2951,6,1,68
441,Ingram,Sandy,singra11@netmail.org,312-704-6229,11,13,90
442,Mercer,Anthony,amerce4@netmail.org,312-580-9566,7,12,68
443,Mason,Matt,mmason4@netmail.org,312-851-8874,2,1,51
444,Nixon,Bob,bnixon9@netmail.org,630-652-1513,3,5,25
445,Martin,Luke,lmarti12@netmail.org,312-798-1347,6,1,73
446,Skinner,Latoya,lskinn3@netmail.org,773-791-1815,4,3,144
447,Boyle,Adolfo,aboyle5@netmail.org,773-687-1798,3,2,2
448,Chaney,Damian,dchane10@netmail.org,312-585-6128,8,12,98
449,Goodwin,Lon,lgoodw5@netmail.org,773-648-3561,4,3,12
450,Guzman,Dallas,dguzma9@netmail.org,773-884-1013,11,5,123
451,Roy,Cecile,croy3@netmail.org,773-633-7157,5,14,4
452,Douglas,Susanne,sdougl4@netmail.org,773-688-2943,10,13,128
453,Hancock,Clair,chanco7@netmail.org,773-913-6336,9,1,95
454,Park,Leon,lpark9@netmail.org,312-865-2173,6,1,125
455,Sweeney,Elvira,esween11@netmail.org,773-857-8923,2,6,146
456,Mann,Adrienne,amann12@netmail.org,312-851-6749,11,13,120
457,Scott,Elden,escott5@netmail.org,773-660-5530,10,12,71
458,Bryant,Jess,jbryan10@netmail.org,312-638-9546,10,3,131
459,Bray,Michal,mbray8@netmail.org,630-705-7373,5,2,46
460,Donaldson,Vickie,vdonal12@netmail.org,312-714-1796,11,2,41
461,Franco,Nadia,nfranc2@netmail.org,773-575-8463,11,1,47
462,McKnight,Candy,cmckni7@netmail.org,312-629-9446,10,3,129
463,Kidd,Rosanne,rkidd8@netmail.org,630-926-9834,2,16,36
464,Cannon,Jerri,jcanno8@netmail.org,773-786-5334,9,1,116
465,Pope,Otis,opope11@netmail.org,773-868-3090,4,14,108
466,Ramirez,Lawanda,lramir1@netmail.org,630-758-7419,11,12,62
467,Werner,Nanette,nwerne12@netmail.org,773-598-9065,3,2,40
468,Beck,Anne,abeck7@netmail.org,312-892-5950,4,2,34
469,Moses,Juliet,jmoses9@netmail.org,630-947-9850,9,3,119
470,Spencer,Joni,jspenc10@netmail.org,312-924-8633,5,11,43
471,Barnes,Sonja,sbarne4@netmail.org,312-621-8388,7,1,97
472,Gonzales,Reyes,rgonza5@netmail.org,630-943-2501,9,3,68
473,Kane,Myles,mkane6@netmail.org,312-916-1725,10,2,148
474,Conway,Kieth,kconwa4@netmail.org,630-571-3992,4,11,49
475,Sharp,Jolene,jsharp12@netmail.org,773-579-6906,3,11,70
476,Moyer,Nickolas,nmoyer2@netmail.org,630-780-4456,10,2,142
477,Wilson,Janice,jwilso3@netmail.org,312-623-4526,11,3,156
478,Chung,Shawna,schung3@netmail.org,312-835-9430,11,3,49
479,Dudley,Kenya,kdudle10@netmail.org,312-878-9663,10,18,147
480,Boone,Amy,aboone7@netmail.org,630-928-1164,3,2,29
481,Edwards,Gus,gedwar3@netmail.org,773-921-7241,4,2,61
482,Cisneros,Leta,lcisne4@netmail.org,312-876-8015,9,3,90
483,Osborne,Rayford,rosbor3@netmail.org,312-820-1285,2,14,2
484,Sandoval,Brent,bsando11@netmail.org,630-755-2753,11,6,137
485,Shaffer,Rene,rshaff9@netmail.org,630-933-4056,11,5,74
486,Brewer,Russell,rbrewe10@netmail.org,312-816-5659,9,11,70
487,Juarez,Alisa,ajuare1@netmail.org,312-849-1677,3,12,32
488,McKenzie,Belinda,bmcken5@netmail.org,773-940-9341,10,18,106
489,Solomon,Carla,csolom1@netmail.org,773-811-3076,10,1,116
490,Ayers,Dionne,dayers5@netmail.org,312-847-4836,9,11,84
491,Tucker,Diann,dtucke3@netmail.org,773-857-1153,3,11,68
492,Patrick,Xavier,xpatri11@netmail.org,312-863-2061,3,3,140
493,Pineda,Brittany,bpined1@netmail.org,312-883-1210,11,1,137
494,Peck,Georgette,gpeck12@netmail.org,312-936-7742,4,2,57
495,Frank,Casey,cfrank1@netmail.org,312-940-7172,10,11,106
496,McGee,Nannie,nmcgee4@netmail.org,773-770-7841,3,3,55
497,Bridges,Luther,lbridg2@netmail.org,312-633-2787,2,13,87
498,Fitzgerald,Elwood,efitzg5@netmail.org,630-863-7244,1,7,25
499,Fernandez,Delia,dferna1@netmail.org,773-933-2455,9,4,45
500,Patel,Amado,apatel9@netmail.org,773-726-7000,9,4,144
